{
    "backward_flow": {
        "max": 8.361427307128906,
        "min": -3.6421661376953125
    },
    "forward_flow": {
        "max": 8.36225700378418,
        "min": -3.644097328186035
    }
}